Column1,Column2,Column3,Column4,Column5
13.0,37.0,2.0,8.0,9.000000259152175
37.0,13.0,1.0,13.0,9.999999740847834
19.0,39.0,2.0,18.0,8.0
16.0,4.0,3.0,19.0,10.0
